"","Acentrella","Acroneuria","Antocha","Atrichopogon","Baetis","Bezzia_Palpomyia","Cambarus","Ceratopsyche","Cheumatopsyche","Demicryptochironomus","Diplectrona","Dixa","Dolophilodes","Drunella","Ectopria","Eukiefferiella","Gomphidae","Helichus","Hemerodromia","Hexatoma","Isonychia","Leuctra","Oligochaeta","Optioservus","Orconectes","Parachaetocladius","Paraleptophlebia","Parametriocnemus","Paratanytarsus","Polypedilum","Procloeon","Psephenus","Rheotanytarsus","Rhyacophila","Simulium","Stenonema","Sweltsa","Tanytarsus","Thienemannimyia","Tipula","Tvetenia","Boyeria","Leucrocuta","Natarsia","Orthocladius","Perlesta","Stenacron","Thienemanniella","Atherix","Cricotopus","Hydropsyche","Hydroptila","Amphinemura","Centroptilum","Cordulegaster","Diploperla","Ephemerella","Eurylophella","Gammarus","Isoperla","Microtendipes","Neophylax","Pycnopsyche","Rhagovelia","Rheocricotopus","Tabanus","Chimarra","Corydalus","Diamesa","Lanthus","Macronychus","Peltoperla","Prosimulium","Stenelmis","Ameletus","Cinygmula","Clioperla","Epeorus","Ephemera","Haploperla","Lepidostoma","Lirceus","Micropsectra","Nigronia","Ostrocerca","Stylogomphus","Yugus","Anchytarsus","Corynoptera","Eccoptura","Malirekus","Ormosia","Wormaldia","Cricotopus_Orthocladius","Microcylloepus","Nilotanypus","Acerpenna","Cardiocladius","Alloperla","Limonia","Sphaerium","Pseudolimnophila","Nixe","Plauditus","Chrysops","Pristina","Probezzia","Sialis","Diphetor","Krenosmittia","Stempellina","Brillia","Homoplectra","Molophilus","Larsia","Heptagenia","Caecidotea","Turbellaria","Limnophila","Platysmittia","Chelifera","Heleniella","Hydrobaenus","Oulimnius","Polycentropus","Limnophyes","Chaetocladius","Diplocladius","Dicranota","Stempellinella","Zavrelimyia","Glossosoma","Goera","Pteronarcys","Agapetus","Remenus","Clinocera","Mesocricotopus","Stilocladius","Empididae","Potthastia","Soyedina","Tallaperla","Rasvena","Promoresia","Lype","Serratella","Paraphaenocladius","Ceratopogon","Paracapnia","Paramerina","Crangonyx","Taenionema","Heterotrissocladius","Libellulidae","Paranemoura","Rheosmittia","Paracladopelma","Nanocladius","Macromia","Capniidae","Philopotamidae","Siphlonuridae","Veliidae","Cryptolabis","Parakiefferiella","Polycentropodidae","Gonomyia","Dannella","Taeniopteryx","Gerridae","Cladotanytarsus","Sublettea","Constempellina","Dasyhelea","Paragnetina","Epoicocladius","Hydrophilidae","Psychomyia","Agnetina","Choroterpes","Zavrelia","Pisidium","Hirudinea","Pseudochironomus","Psilometriocnemus","Allocapnia","Attenella","Peltoperlidae","Ptilostomis","Neoplasta","Blepharicera","Lopescladius","Pseudorthocladius","Nyctiophylax","Nemoura","Tokunagaia","Brachycentrus","Brachypremna","Prionocera","Utaperla","Pagastia","Gyraulus","Parachironomus","Cultus","Shipsa","Prostoia"
"1",0.254929350829779,0.865029689604762,0.125644205855183,0.0425858388116658,0.877747803779226,0.168281999177097,0.624934059072465,0.814542030977376,0.697907646236629,0.0844649567942816,0.791990444115679,0.207982148254979,0.868310373106107,0.174819471096529,0.494398187877848,0.0519222212127245,0.127799193084242,0.291924220585528,0.125640779901515,0.666882261333667,0.290365193257688,0.959524045814481,0.213802056279126,0.665253584522008,0.000710146782717742,0.369224911976149,0.713123873489882,0.749930915721413,0.00141344165810004,0.630480490730702,0.124223912289747,0.52906793785389,0.332916207327444,0.706710866312952,0.421095178678626,0.8265802667469,0.52990654053801,0.703648192121186,0.58716338420908,0.21037977826694,0.335164825715996,0.205865411721497,0.445839438259727,0.00070672082905002,0.0454161480815336,0.0411723971535658,0.128637795768362,0.0432959855943836,0.121438705622792,0.0419310724928637,0.292568709043327,0.00070672082905002,0.0983539564363603,0.0411723971535658,0.202328381622579,0.0411929528755721,0.0969302369172571,0.210139996232474,0.0419624712811054,0.130906969878921,0.498458102440498,0.0479245390213256,0.0426446452292492,0.161862705298063,0.0440061323771013,0.00070672082905002,0.00141686761176776,0.00070672082905002,0.166221208312762,0.0830966177390941,3.82506955770711e-05,0.174015693154319,0.0832033875080256,0.248482084116172,0.0458043765341755,0.0471070572644442,0.0418825439362835,0.458391497634859,0.205907088370741,0.170565442307558,0.0483988949284776,0.0404691022781835,0.211044822446745,0.612683448897817,1.71297683386085e-05,0.204465673878067,0.00734124986164301,0.0823864709563763,0.0404759541855189,0.207278853379597,0.164038248249129,4.16766492447928e-05,0.125041394046629,0.0483229587425556,0.162569426127113,0.0411723971535658,0.0412523244983876,0.0028303092698678,0.00503382505550745,0.00141344165810004,3.4259536677217e-06,0.0440129842844367,0.0418825439362835,0.247744529704112,0.0418791179826158,3.4259536677217e-06,0.121397028973547,0.0404725282318512,0.247162838822797,0.0404725282318512,0.123565720017278,0.123517191460697,3.4259536677217e-06,0.00145511830734483,0.0404691022781835,0.083765087872567,0.00216183913639485,0.0418825439362835,0.00224176648121672,0.00142029356543548,0.166179531663517,0.0433445141509638,3.4259536677217e-06,0.578825459181785,0.501358061194184,3.82506955770711e-05,0.0433793388928731,3.4259536677217e-06,0.377002267049367,0.215801179977442,0.124223912289747,0.288993428248832,0.121397028973547,0.4943502245265,0.00286513401177715,0.00354388200625327,0.00141686761176776,3.82506955770711e-05,0.000713572736385464,0.0809313526490315,0.000713572736385464,0.0809347786026992,0.407598398648089,3.82506955770711e-05,0.0823447943071315,0.0404656763245158,0.000723850597388629,0.00146197021468028,3.4259536677217e-06,0.0823447943071315,0.0404656763245158,0.000748397478294813,6.8519073354434e-06,3.4259536677217e-06,3.4259536677217e-06,3.82506955770711e-05,0.000744971524627091,0.00070672082905002,0.000710146782717742,0.00070672082905002,0.00141686761176776,0.0425858388116658,0.00070672082905002,0.00141344165810004,0.00212016248715006,0.00141344165810004,0.00215841318272713,0.00070672082905002,0.00141344165810004,0.00070672082905002,0.00070672082905002,0.000710146782717742,0.00070672082905002,0.00141344165810004,0.0411723971535658,0.0816380734780815,0.0816380734780815,0.0404656763245158,0.000710146782717742,0.0404656763245158,0.00070672082905002,0.0816380734780815,0.00070672082905002,0.00070672082905002,3.4259536677217e-06,3.4259536677217e-06,0.0404656763245158,0.0412106478491428,0.0411723971535658,0.00070672082905002,0.0404656763245158,0.122142000498174,0.0028303092698678,0.00070672082905002,0.00070672082905002,0.0404656763245158,0.00070672082905002,3.4259536677217e-06,0.00070672082905002,0.00070672082905002,0.00070672082905002,0.00070672082905002,0.00070672082905002,0.00070672082905002,0.00070672082905002,3.4259536677217e-06,6.8519073354434e-06
"43",0.395097802108331,0.660457485628217,0.0737307799196894,0.0160715782034152,0.524328655151619,0.189870805457082,0.547610709208707,0.240029240889958,0.234044909916407,0.0267983371843263,0.790853831632628,0.0429441564595477,0.228389848047808,0.451270704399224,0.557309893553945,0.344209067120943,0.0859574274787886,0.319244703337932,0.0529555284312114,0.762282172965985,0.070675477356427,0.937637124998663,0.448233806706945,0.521328567201306,0.026120070710982,0.13400845660622,0.685970349405879,0.546055295223633,0.010689638445008,0.369457116832308,0.0214906384977254,0.297484124261797,0.0905548656682551,0.749358854062559,0.378149076393186,0.476317928091872,0.457607525066886,0.373064100922003,0.414174283980235,0.451636783246142,0.240592653429874,0.0476849502805136,0.068078899582872,0.00534481922250402,0.0582261065819092,0.00538193975840712,0.246080828283878,0.0421916489143972,0.0378540544762524,0.110795206314888,0.162195320761025,0.00534481922250402,0.775855100447547,0.00538193975840712,0.000185602679515483,0.130033448689275,0.702839707537105,0.287506380500318,0.0862121447179973,0.520770124976365,0.355307031460885,0.708606131013414,0.157690528514348,0.000148482143612386,0.0683117196253792,0.00534481922250402,0.031464889933486,0.00534481922250402,0.10389497310731,0.0746266430963393,0.0169674413800651,0.287339493485722,0.507099114245964,0.250733791880231,0.692571673345902,0.461573914146,0.0315020104693891,0.840380907161215,0.0854276431490567,0.336100783110288,0.379810725473856,0.0208123720243811,0.419238909600103,0.313393631168792,0.10387625744239,0.120096317789417,0.425331109855645,0.0485065723853573,0.062362875001337,0.0583745887255216,0.137026638633579,0.0377426928685431,0.268522855365139,0.134315517720534,0.00549330136611641,0.00538193975840712,0.0600920740070153,0.0421545283784941,0.133674371783092,0.010689638445008,0.020775251488478,0.109862222602335,0.0315020104693891,0.0584117092614247,0.0107267589809111,0.020775251488478,0.00011136160770929,0.0415876235128591,0.16629496864455,0.0415876235128591,0.0954390151207204,0.0161458192752214,0.020775251488478,0.0484323313135511,0.0208123720243811,0.0630040209387782,0.0537771505360552,0.0315020104693891,0.108487284784663,0.052240141421964,0.0661522802387667,0.121484844759896,0.020775251488478,0.355580464365013,0.389845939622553,0.0169674413800651,0.117677034651483,0.020775251488478,0.213576719542242,0.160255112264113,0.0214906384977254,0.097728531779962,0.00011136160770929,0.266456372715253,0.0383467182700812,0.0890498505779541,0.031464889933486,0.0169674413800651,0.04689532219946,7.42410718061931e-05,0.04689532219946,0.0208494925602842,0.0726528063892424,0.0169674413800651,0.0107638795168142,3.71205359030965e-05,0.109221076664894,0.0899828342905071,0.020775251488478,0.0107638795168142,3.71205359030965e-05,0.0430875120910471,0.041550502976956,0.020775251488478,0.020775251488478,0.0169674413800651,0.0223122606025691,0.00534481922250402,0.026120070710982,0.00534481922250402,0.031464889933486,0.0160715782034152,0.00534481922250402,0.010689638445008,0.0160344576675121,0.010689638445008,0.0330018990475772,0.00534481922250402,0.010689638445008,0.00534481922250402,0.00534481922250402,0.026120070710982,0.00534481922250402,0.010689638445008,0.00538193975840712,0.00541906029431022,0.00541906029431022,3.71205359030965e-05,0.026120070710982,3.71205359030965e-05,0.00534481922250402,0.00541906029431022,0.00534481922250402,0.00534481922250402,0.020775251488478,0.020775251488478,3.71205359030965e-05,0.0223493811384722,0.00538193975840712,0.00534481922250402,3.71205359030965e-05,0.0224236222102784,0.0421545283784941,0.00534481922250402,0.00534481922250402,3.71205359030965e-05,0.00534481922250402,0.020775251488478,0.00534481922250402,0.00534481922250402,0.00534481922250402,0.00534481922250402,0.00534481922250402,0.00534481922250402,0.00534481922250402,0.020775251488478,0.041550502976956
"79",0.391474522247512,0.636886624845316,0.0864500497717129,0.0275501843663082,0.630272227117207,0.192628790243883,0.561697392913792,0.242246076627399,0.256164213421753,0.0459592053240058,0.801345274434253,0.0737627779712673,0.32067264825768,0.448910044301034,0.505499248836978,0.35104799009721,0.114444628856856,0.315814590164939,0.070838556322403,0.736792437223902,0.108481075378063,0.953038825511593,0.429612233905666,0.528316744718402,0.0247526568579205,0.144328036089737,0.734275326823959,0.593313976647588,0.018282326817221,0.461958094521643,0.036944736055872,0.259056941188225,0.13546017088506,0.728920145674391,0.416747470081085,0.506926308718947,0.394803318769251,0.408493165655811,0.471530138235343,0.416842670339169,0.273877381833996,0.0619507811947458,0.0573692793017836,0.00914116340861051,0.0797263314500602,0.00926785754908716,0.250191006437882,0.0523028412242287,0.0321741581793617,0.0970375770635593,0.199492717119758,0.00914116340861051,0.740531482507952,0.00926785754908716,0.000633470702383266,0.102936818244947,0.675414675342801,0.272912696139509,0.0819971724735611,0.482277178082678,0.370723952459674,0.611286322928305,0.13740172737079,0.000506776561906613,0.0770554980821491,0.00914116340861051,0.033893820266531,0.00914116340861051,0.119512997388745,0.0750824477140265,0.0161825823086217,0.31373475557932,0.403494899008848,0.230004406604844,0.583862832702473,0.413665060409351,0.0340205144070076,0.766024394285752,0.0937448569526775,0.331617090052131,0.352176653402087,0.0157381875897866,0.394189757989848,0.277979134217063,0.0780574672465499,0.106114428174765,0.391456542778865,0.050329790856106,0.0469611744884066,0.0802331080119668,0.12217031634291,0.0317940757579317,0.234565998574826,0.164267643151056,0.00964793997051712,0.00926785754908716,0.0572445156156406,0.052176147083752,0.143187788825447,0.018282326817221,0.01561149344931,0.108278484980769,0.0340205144070076,0.0803598021524434,0.0184090209576977,0.01561149344931,0.00038008242142996,0.0313496810390966,0.166600866017628,0.0313496810390966,0.0908206353038131,0.0278035726472615,0.01561149344931,0.0500764025751527,0.0157381875897866,0.0680410288140153,0.0592175659837632,0.0340205144070076,0.107194224050317,0.049505313715841,0.0877189216308131,0.11531990388078,0.01561149344931,0.379732026218574,0.424042277262049,0.0161825823086217,0.115890992740092,0.01561149344931,0.260492327033762,0.221721144673225,0.036944736055872,0.121992824318774,0.00038008242142996,0.286938340546638,0.0527472359430638,0.0925402973909824,0.033893820266531,0.0161825823086217,0.0403641503072305,0.000253388280953306,0.0403641503072305,0.0158648817302633,0.0863793419650738,0.0161825823086217,0.0185357150981743,0.000126694140476653,0.0871986306551604,0.0812993894737727,0.01561149344931,0.0185357150981743,0.000126694140476653,0.0409352391665422,0.0312229868986199,0.01561149344931,0.01561149344931,0.0161825823086217,0.0253237457172322,0.00914116340861051,0.0247526568579205,0.00914116340861051,0.033893820266531,0.0275501843663082,0.00914116340861051,0.018282326817221,0.0274234902258315,0.018282326817221,0.0436060725344533,0.00914116340861051,0.018282326817221,0.00914116340861051,0.00914116340861051,0.0247526568579205,0.00914116340861051,0.018282326817221,0.00926785754908716,0.00939455168956381,0.00939455168956381,0.000126694140476653,0.0247526568579205,0.000126694140476653,0.00914116340861051,0.00939455168956381,0.00914116340861051,0.00914116340861051,0.01561149344931,0.01561149344931,0.000126694140476653,0.0254504398577089,0.00926785754908716,0.00914116340861051,0.000126694140476653,0.0257038281386622,0.052176147083752,0.00914116340861051,0.00914116340861051,0.000126694140476653,0.00914116340861051,0.01561149344931,0.00914116340861051,0.00914116340861051,0.00914116340861051,0.00914116340861051,0.00914116340861051,0.00914116340861051,0.00914116340861051,0.01561149344931,0.0312229868986199
"149",0.367573288303682,0.6969849776504,0.0512753553531805,0.00248400781142848,0.460622618439549,0.172739006123488,0.527382294885996,0.286120029438543,0.204661774669355,0.00417545781976217,0.808323844251803,0.00687213443547884,0.15225055719966,0.447886074210048,0.61263918053412,0.323525182800117,0.057130158400895,0.324470087639033,0.0281748526890908,0.763555901173657,0.0352475511484764,0.930592157605587,0.439453033729142,0.46737910540624,0.0238930604671845,0.128961686838269,0.668408703233831,0.515517843720673,0.0015851156061896,0.272662968728907,0.00348923441881147,0.341868134291229,0.0342544293214748,0.769823937049566,0.333507226679508,0.461297030739783,0.537896102322332,0.333459009691422,0.335210781468223,0.492122638957138,0.208767010294678,0.0275949636902842,0.071263744218949,0.000792557803094798,0.0287547416878974,0.000898892205238889,0.253158126431998,0.026377068278613,0.0499971381730418,0.120671092967212,0.13698149449098,0.000792557803094798,0.816321940377825,0.000898892205238889,0.000531672010720457,0.139501908189777,0.745435316779366,0.26335533714975,0.101047719941553,0.566273723389739,0.326279976829892,0.798165537455494,0.167664656098487,0.000425337608576365,0.0502701287457975,0.000792557803094798,0.0246856182702793,0.000792557803094798,0.108014083998794,0.0753689798442718,0.0265776323025198,0.255335235817375,0.563956665428586,0.23798349547852,0.795787864046209,0.513212688406462,0.0247919526724234,0.934980375775862,0.0772730986568937,0.350728716735121,0.388863901776913,0.0232068370662338,0.443237061793623,0.308242013090086,0.115502513320449,0.118411858740453,0.467697906479233,0.0514759193770873,0.0694078423944133,0.0291800792964738,0.144883156640829,0.0496781349666095,0.288442083467843,0.108180740169406,0.00121789541167116,0.000898892205238889,0.0771546594743682,0.0262707338764689,0.128004677218972,0.0015851156061896,0.0231005026640897,0.096471134073977,0.0247919526724234,0.0292864136986179,0.00169145000833369,0.0231005026640897,0.000319003206432274,0.0463073397303235,0.177528260795352,0.0463073397303235,0.0985758169105056,0.00269667661571667,0.0231005026640897,0.0512632505727991,0.0232068370662338,0.0495839053448468,0.0520558083758939,0.0247919526724234,0.128311575645023,0.047786120934369,0.0583359490321848,0.122256208573402,0.0231005026640897,0.362709109048896,0.359504969983221,0.0265776323025198,0.125733338211832,0.0231005026640897,0.160780325336402,0.0883689079002209,0.00348923441881147,0.0833405705088964,0.000319003206432274,0.289232143236864,0.029747863514899,0.0732642970077432,0.0246856182702793,0.0265776323025198,0.0469935631312742,0.000212668804288183,0.0469935631312742,0.0233131714683779,0.0839664721413795,0.0265776323025198,0.00179778441047778,0.000106334402144091,0.116295071123543,0.0974642559009786,0.0231005026640897,0.00179778441047778,0.000106334402144091,0.0504706927697043,0.0462010053281794,0.0231005026640897,0.0231005026640897,0.0265776323025198,0.0273701901056146,0.000792557803094798,0.0238930604671845,0.000792557803094798,0.0246856182702793,0.00248400781142848,0.000792557803094798,0.0015851156061896,0.00237767340928439,0.0015851156061896,0.0289553057118042,0.000792557803094798,0.0015851156061896,0.000792557803094798,0.000792557803094798,0.0238930604671845,0.000792557803094798,0.0015851156061896,0.000898892205238889,0.00100522660738298,0.00100522660738298,0.000106334402144091,0.0238930604671845,0.000106334402144091,0.000792557803094798,0.00100522660738298,0.000792557803094798,0.000792557803094798,0.0231005026640897,0.0231005026640897,0.000106334402144091,0.0274765245077587,0.000898892205238889,0.000792557803094798,0.000106334402144091,0.0276891933120469,0.0262707338764689,0.000792557803094798,0.000792557803094798,0.000106334402144091,0.000792557803094798,0.0231005026640897,0.000792557803094798,0.000792557803094798,0.000792557803094798,0.000792557803094798,0.000792557803094798,0.000792557803094798,0.000792557803094798,0.0231005026640897,0.0462010053281794
"162",0.364892840125768,0.699831466255262,0.0494121571536612,0.0014522715279277,0.456987840902636,0.171169259819028,0.525757104230788,0.290380351371652,0.202204829472832,0.00245359040068192,0.810262508804982,0.00410468905342413,0.146970274379331,0.447610255856054,0.616697209896051,0.321820948922102,0.0550493449181246,0.324897949474795,0.0262080568859619,0.763083755579478,0.0326938515552279,0.930288285634495,0.438239104510228,0.462310998062025,0.0236550529228728,0.128640551584262,0.667907608240549,0.513674667524064,0.000901905310346962,0.265550962929598,0.00210205130791569,0.34509090987555,0.0298617932842126,0.771300876084598,0.330156669368925,0.460475248383496,0.544027654069147,0.330401611650602,0.328975709750652,0.495245531166588,0.206496342520457,0.025955931355603,0.0711568026447511,0.000450952655173481,0.0264601824163209,0.000550366217580738,0.253986089111721,0.0251073244508005,0.0509907710215633,0.121306150010194,0.135431770189431,0.000450952655173481,0.819600297672484,0.000550366217580738,0.000497067812036283,0.139774967823776,0.749086091559039,0.260702649963637,0.102386379541437,0.569845239954161,0.323816403418929,0.804618887339762,0.168165303200766,0.000397654249629027,0.0487623773736732,0.000450952655173481,0.0241060055780462,0.000450952655173481,0.108772760648296,0.0754483156923757,0.0274884300666422,0.2529578414614,0.567018751113003,0.236245105292824,0.803266029374241,0.517150071874311,0.0242054191404535,0.942378464739491,0.0766484616899445,0.352088138854215,0.389178486449333,0.0233035138301065,0.44500395348742,0.306752128157587,0.116020501338496,0.117870427116053,0.471093410431679,0.051793262769503,0.0697117143655051,0.0268578366659499,0.145259443620288,0.0506925303343415,0.289570866773366,0.106444953437999,0.000848606904802508,0.000550366217580738,0.0787313266185645,0.0250079108883932,0.127745829522597,0.000901905310346962,0.0232041002676993,0.0951705779090717,0.0242054191404535,0.0269572502283572,0.00100131887275422,0.0232041002676993,0.00029824068722177,0.0465076140978058,0.178583888576208,0.0465076140978058,0.0987518295224823,0.00165109865274221,0.0232041002676993,0.0515944356446885,0.0233035138301065,0.048410838280907,0.052045388299862,0.0242054191404535,0.130226348700846,0.0473101058457455,0.0580802303139544,0.122208055320541,0.0232041002676993,0.363905697352041,0.357392973905208,0.0274884300666422,0.126492385119483,0.0232041002676993,0.15680513105887,0.0829617988623732,0.00210205130791569,0.0824844765792224,0.00029824068722177,0.291839806148262,0.0292922406873362,0.0718670640789652,0.0241060055780462,0.0274884300666422,0.046859153190572,0.000198827124814513,0.046859153190572,0.0234029273925138,0.0852632364446932,0.0274884300666422,0.00110073243516148,9.94135624072566e-05,0.11647145399367,0.098002636180087,0.0232041002676993,0.00110073243516148,9.94135624072566e-05,0.051143482989515,0.0464082005353985,0.0232041002676993,0.0232041002676993,0.0274884300666422,0.0279393827218157,0.000450952655173481,0.0236550529228728,0.000450952655173481,0.0241060055780462,0.0014522715279277,0.000450952655173481,0.000901905310346962,0.00135285796552044,0.000901905310346962,0.0288412880321627,0.000450952655173481,0.000901905310346962,0.000450952655173481,0.000450952655173481,0.0236550529228728,0.000450952655173481,0.000901905310346962,0.000550366217580738,0.000649779779987995,0.000649779779987995,9.94135624072566e-05,0.0236550529228728,9.94135624072566e-05,0.000450952655173481,0.000649779779987995,0.000450952655173481,0.000450952655173481,0.0232041002676993,0.0232041002676993,9.94135624072566e-05,0.028038796284223,0.000550366217580738,0.000450952655173481,9.94135624072566e-05,0.0282376234090375,0.0250079108883932,0.000450952655173481,0.000450952655173481,9.94135624072566e-05,0.000450952655173481,0.0232041002676993,0.000450952655173481,0.000450952655173481,0.000450952655173481,0.000450952655173481,0.000450952655173481,0.000450952655173481,0.000450952655173481,0.0232041002676993,0.0464082005353985
"173",0.390749035529452,0.694375562594678,0.0548218630549087,0.000876094332646974,0.401662274777215,0.182264492981919,0.528003746794723,0.251485461281283,0.204291875079528,0.00146365817261325,0.78540255564549,0.00236075821446997,0.116044708621278,0.452361137885952,0.624258291652917,0.331267425985575,0.0496060612897889,0.324094927899319,0.0282922772874038,0.787805775066577,0.0234070174333841,0.92040073984288,0.463957366241519,0.499280651086966,0.0268181162601857,0.12259938149141,0.633151020052455,0.490785535568112,0.000577060985361401,0.250649333779938,0.00118563053453742,0.348379286853008,0.030364505009193,0.775364960942177,0.327300271882622,0.44209758002939,0.542660323756242,0.327085261372175,0.335154859500287,0.49732970558364,0.198693017130284,0.0280247525039328,0.0799928191958491,0.000288530492680701,0.0285598020708747,0.000299033347285573,0.243887098193023,0.0276942105928326,0.0470092868556626,0.127154099434329,0.118228165495122,0.000288530492680701,0.821608135429591,0.000299033347285573,5.25142730243643e-05,0.159476547952315,0.741442317141714,0.295051793135067,0.0945431204236622,0.571393124919144,0.33196001837159,0.82972099216378,0.18050180146202,4.20114184194914e-05,0.0545123268530183,0.000288530492680701,0.0271066467528664,0.000288530492680701,0.0896473577150377,0.0743939612466048,0.020448192524343,0.251998707739555,0.625433869121047,0.267667118744124,0.828855400685738,0.523240218947364,0.0271171496074712,0.940456620516151,0.0750025307957808,0.344511611859848,0.409413530824686,0.0265400886221098,0.450640457784472,0.347350401738083,0.132647928837525,0.133566034588591,0.47045907505043,0.0475758449864191,0.0795992601571197,0.0286018134892942,0.154003724258329,0.046977778291848,0.307666403750954,0.0971398948577885,0.000330541911100192,0.000299033347285573,0.0677250041634766,0.0276837077382278,0.122504855799966,0.000577060985361401,0.026529585767505,0.107571498388028,0.0271171496074712,0.0286123163438991,0.000587563839966274,0.026529585767505,3.15085638146186e-05,0.0530696743896148,0.169257120726762,0.0530696743896148,0.100934049868715,0.00089710004185672,0.026529585767505,0.0475548392772094,0.0265400886221098,0.0542342992149425,0.0478433697698901,0.0271171496074712,0.115269340586081,0.0536362325203713,0.0426695794231897,0.127731160419691,0.026529585767505,0.333896506382976,0.347480939623494,0.020448192524343,0.121649767176529,0.026529585767505,0.152302802678402,0.0790419576933106,0.00118563053453742,0.0698077347398707,3.15085638146186e-05,0.252844090907848,0.0216023144950658,0.0810314097659184,0.0271066467528664,0.020448192524343,0.0533477020276906,2.10057092097457e-05,0.0533477020276906,0.0265505914767147,0.0626037280898006,0.020448192524343,0.000598066694571147,1.05028546048729e-05,0.132936459330205,0.100614010812219,0.026529585767505,0.000598066694571147,1.05028546048729e-05,0.0472663087845287,0.0530591715350099,0.026529585767505,0.026529585767505,0.020448192524343,0.0207367230170237,0.000288530492680701,0.0268181162601857,0.000288530492680701,0.0271066467528664,0.000876094332646974,0.000288530492680701,0.000577060985361401,0.000865591478042102,0.000577060985361401,0.0213137840023851,0.000288530492680701,0.000577060985361401,0.000288530492680701,0.000288530492680701,0.0268181162601857,0.000288530492680701,0.000577060985361401,0.000299033347285573,0.000309536201890446,0.000309536201890446,1.05028546048729e-05,0.0268181162601857,1.05028546048729e-05,0.000288530492680701,0.000309536201890446,0.000288530492680701,0.000288530492680701,0.026529585767505,0.026529585767505,1.05028546048729e-05,0.0207472258716286,0.000299033347285573,0.000288530492680701,1.05028546048729e-05,0.0207682315808383,0.0276837077382278,0.000288530492680701,0.000288530492680701,1.05028546048729e-05,0.000288530492680701,0.026529585767505,0.000288530492680701,0.000288530492680701,0.000288530492680701,0.000288530492680701,0.000288530492680701,0.000288530492680701,0.000288530492680701,0.026529585767505,0.0530591715350099
"180",0.273101663301468,0.826750455842132,0.126844020924094,0.0454940854334385,0.885416859305067,0.173718637049094,0.623404801012871,0.741207429488075,0.653665347538457,0.0876848358271435,0.794565839139027,0.204347081889058,0.836636247325971,0.207747811329537,0.474953850373693,0.0923072632816809,0.137455132377409,0.293299511342288,0.126708136052604,0.667655506455585,0.282958903802604,0.964008265071294,0.23532300889608,0.655912686247673,0.00343921991122306,0.345461705131951,0.731791268066701,0.747940044950991,0.00660667007946715,0.646934535076127,0.119965581101648,0.480513197781335,0.327751882901928,0.701338464398317,0.43638843772207,0.798315319263972,0.487006930795327,0.682173664882001,0.597843662883309,0.221181422442733,0.340716401123898,0.194572961641346,0.395135873110818,0.00330333503973357,0.0588433104638623,0.0388874153539714,0.143948865391401,0.0489333053446616,0.107725117019807,0.0435712810852666,0.294814661075991,0.00330333503973357,0.161943465682376,0.0388874153539714,0.177920401571189,0.0397027245829083,0.154929140988441,0.215751820594643,0.0441365025478913,0.157728692842308,0.490338816817764,0.0787104821436402,0.0471463858679791,0.142336321256951,0.0523725252558846,0.00330333503973357,0.00674255495095663,0.00330333503973357,0.164803189983653,0.082186926696259,0.000836991205603702,0.201955184649659,0.0857416153316523,0.24129001091819,0.0688004770244395,0.0723743159778044,0.0423266352651944,0.464461815297791,0.19554583771844,0.187384261605178,0.0761982426974815,0.0357199651857273,0.223511881405374,0.561954388360799,0.000679424357447413,0.188509831047837,0.0398218009603212,0.0787477067850359,0.0359917349287062,0.201179631720813,0.153762741939203,0.000972876077093185,0.126301747267483,0.0738665179054935,0.145639656296685,0.0388874153539714,0.0406972826366683,0.0133492250304238,0.0252049823038109,0.00660667007946715,0.000135884871489483,0.0526442949988636,0.0423266352651944,0.236763712035051,0.0421907503937049,0.000135884871489483,0.106752240942713,0.0358558500572168,0.236379005226597,0.0358558500572168,0.117906891881986,0.116662246061914,0.000135884871489483,0.00757954615656033,0.0357199651857273,0.0846532705303888,0.0108828811962939,0.0423266352651944,0.0126927484789908,0.00687843982244611,0.16383031390656,0.0501779511647337,0.000135884871489483,0.561143952614452,0.505090254516416,0.000836991205603702,0.0508790574988479,0.000135884871489483,0.38193427544051,0.24179252827471,0.119965581101648,0.27732510980023,0.106752240942713,0.47305146217284,0.014050331364538,0.0169243298131363,0.00674255495095663,0.000836991205603702,0.00357510478271254,0.0711681606284756,0.00357510478271254,0.0713040454999651,0.371565116918123,0.000836991205603702,0.0777748307079427,0.0355840803142378,0.00398275939718099,0.0078513158995393,0.000135884871489483,0.0777748307079427,0.0355840803142378,0.00427621111682676,0.000271769742978965,0.000135884871489483,0.000135884871489483,0.000836991205603702,0.00414032624533728,0.00330333503973357,0.00343921991122306,0.00330333503973357,0.00674255495095663,0.0454940854334385,0.00330333503973357,0.00660667007946715,0.00991000511920072,0.00660667007946715,0.0107469963248044,0.00330333503973357,0.00660667007946715,0.00330333503973357,0.00330333503973357,0.00343921991122306,0.00330333503973357,0.00660667007946715,0.0388874153539714,0.0744714956682092,0.0744714956682092,0.0355840803142378,0.00343921991122306,0.0355840803142378,0.00330333503973357,0.0744714956682092,0.00330333503973357,0.00330333503973357,0.000135884871489483,0.000135884871489483,0.0355840803142378,0.0397244065595751,0.0388874153539714,0.00330333503973357,0.0355840803142378,0.110892567188051,0.0133492250304238,0.00330333503973357,0.00330333503973357,0.0355840803142378,0.00330333503973357,0.000135884871489483,0.00330333503973357,0.00330333503973357,0.00330333503973357,0.00330333503973357,0.00330333503973357,0.00330333503973357,0.00330333503973357,0.000135884871489483,0.000271769742978965
"204",0.286366434550881,0.801796964960615,0.129890315999404,0.0484795394272164,0.895267784382779,0.178651386763187,0.624665662902041,0.695383704397149,0.632282667402287,0.0917595571590386,0.793797903515928,0.206001045268322,0.826437179558693,0.226347024750282,0.458685357773412,0.116867652673103,0.14564475541231,0.293511286264451,0.129865184597435,0.668352868980273,0.28234304306987,0.96704363145306,0.248517207047082,0.656872877132246,0.00522465309736297,0.332762826600352,0.743327857181508,0.74959281165359,0.0103990433907885,0.665673642390094,0.119441009804678,0.449226090149468,0.330666708170363,0.696346070279358,0.449348947936889,0.783951493032632,0.45509428604078,0.67431624662873,0.611914101146666,0.223037484354216,0.346908816050495,0.190427611584108,0.366965633652671,0.00519952169539425,0.0693027576107622,0.0380804960364279,0.151512951303622,0.0537041925245794,0.0988490601537612,0.0435615490683885,0.298353882417373,0.00519952169539425,0.192938548903724,0.0380804960364279,0.164404871705168,0.0382312844482402,0.18246411130703,0.221876055776161,0.0436922919931425,0.167905847595566,0.488957413815262,0.0869525221737257,0.0488113335677202,0.131523897364135,0.0589288456219424,0.00519952169539425,0.0104241747927572,0.00519952169539425,0.163289176124543,0.081591782300879,0.00018100572869146,0.220634703185692,0.0822754160689447,0.239133333629043,0.071353957087543,0.0811396750012614,0.0433051491337909,0.458107593463951,0.190633748714769,0.195049368970041,0.0909454384020381,0.0329061057430024,0.22803086891895,0.535137496904253,0.000125657009843567,0.180129093801195,0.0534079595516846,0.076367129203516,0.0329563685469398,0.200826654974897,0.147429125188853,0.000206137130660173,0.125253856977142,0.0904879872516908,0.136723419059529,0.0380804960364279,0.0384676388957796,0.0208232181835457,0.0368340575310488,0.0103990433907885,2.51314019687134e-05,0.0589791084258798,0.0433051491337909,0.233707629315931,0.0432800177318222,2.51314019687134e-05,0.0986429230231011,0.0329312371449711,0.229126519012517,0.0329312371449711,0.114497888043881,0.114241488109284,2.51314019687134e-05,0.0106051805214487,0.0329061057430024,0.0866102982675818,0.0158047022168429,0.0433051491337909,0.0161918450761946,0.0104493061947259,0.163083038993883,0.053960592459177,2.51314019687134e-05,0.550168469510795,0.510092380652253,0.00018100572869146,0.0541164667858998,2.51314019687134e-05,0.389982696651657,0.263427052450288,0.119441009804678,0.272150136809741,0.0986429230231011,0.45833351814585,0.0209790925102685,0.0260730026828774,0.0104241747927572,0.00018100572869146,0.00524978449933168,0.0657619486820674,0.00524978449933168,0.0657870800840361,0.350150847377988,0.00018100572869146,0.0761609920728559,0.0328809743410337,0.00532517870523782,0.0106554433253861,2.51314019687134e-05,0.0761609920728559,0.0328809743410337,0.00540565882605443,5.02628039374267e-05,2.51314019687134e-05,2.51314019687134e-05,0.00018100572869146,0.00538052742408571,0.00519952169539425,0.00522465309736297,0.00519952169539425,0.0104241747927572,0.0484795394272164,0.00519952169539425,0.0103990433907885,0.0155985650861828,0.0103990433907885,0.0157795708148742,0.00519952169539425,0.0103990433907885,0.00519952169539425,0.00519952169539425,0.00522465309736297,0.00519952169539425,0.0103990433907885,0.0380804960364279,0.0709614703774616,0.0709614703774616,0.0328809743410337,0.00522465309736297,0.0328809743410337,0.00519952169539425,0.0709614703774616,0.00519952169539425,0.00519952169539425,2.51314019687134e-05,2.51314019687134e-05,0.0328809743410337,0.0382615017651194,0.0380804960364279,0.00519952169539425,0.0328809743410337,0.104023450447187,0.0208232181835457,0.00519952169539425,0.00519952169539425,0.0328809743410337,0.00519952169539425,2.51314019687134e-05,0.00519952169539425,0.00519952169539425,0.00519952169539425,0.00519952169539425,0.00519952169539425,0.00519952169539425,0.00519952169539425,2.51314019687134e-05,5.02628039374267e-05
"212",0.382302268313522,0.665811413692231,0.0698058055038111,0.0152449413433707,0.541945670568417,0.183996406617012,0.545168835140273,0.260053992861734,0.23136066687625,0.0254492908360661,0.802288408134974,0.0409405637621262,0.235478831122181,0.448776965736649,0.558620924964428,0.338416857685916,0.0858913482613549,0.319957252236801,0.0502094269909486,0.752300736967111,0.0718282247645466,0.941087698670068,0.436891413415607,0.502244175083821,0.0246369703635378,0.136302062052178,0.698621813821618,0.553072447665857,0.0100811837013507,0.368005871893153,0.0205318647767354,0.299967890692329,0.0861093989023994,0.749310845318816,0.375773259968263,0.482918703913252,0.464670812262457,0.371594828657001,0.405545707032176,0.453772512804509,0.241297125661016,0.0454151667229626,0.0651845510940544,0.00504059185067534,0.0550036872589345,0.00516375764202003,0.250594269831484,0.0398819117069085,0.0405260216052769,0.109150009262526,0.167263048779058,0.00504059185067534,0.777538698978538,0.00516375764202003,0.000615828956723463,0.122742028719195,0.7086683797386,0.27162250295564,0.090517397955181,0.523360267667276,0.349852865092058,0.704919712866703,0.153383358138926,0.00049266316537877,0.0645188820704464,0.00504059185067534,0.0296775622142132,0.00504059185067534,0.112013029937434,0.0751210098788207,0.0205601457183803,0.285037811372038,0.487608725854451,0.237027514682096,0.689797937314677,0.462795044450642,0.0298007280055579,0.848313066971936,0.0855716909542055,0.340147900581147,0.372003033971127,0.0197195443042072,0.418656580423942,0.296925142342785,0.0979818925643125,0.113719497073062,0.428519713484248,0.0504840395152829,0.0589123013299322,0.0554963504243133,0.134156477000098,0.0401565242312428,0.262656533192796,0.135882724611259,0.00553325501605411,0.00516375764202003,0.0658804275916432,0.0397587459155638,0.135193569930076,0.0100811837013507,0.0195963785128625,0.103711639096171,0.0298007280055579,0.055619516215658,0.0102043494926954,0.0195963785128625,0.000369497374034078,0.0393159228170697,0.171048497058711,0.0393159228170697,0.0948405541830279,0.0154912729260601,0.0195963785128625,0.0502377079325935,0.0197195443042072,0.0596014560111157,0.0552782997832688,0.0298007280055579,0.115994969732892,0.0492739407270757,0.0718565057061915,0.119231192963876,0.0195963785128625,0.368510052159006,0.391539145418658,0.0205601457183803,0.120194960169394,0.0195963785128625,0.211344950922469,0.15613997686366,0.0205318647767354,0.101903565294439,0.000369497374034078,0.284271625784353,0.0407225131210817,0.0839920947919642,0.0296775622142132,0.0205601457183803,0.0442333488764003,0.000246331582689385,0.0442333488764003,0.0198427100955519,0.0830744624712893,0.0205601457183803,0.0103275152840401,0.000123165791344693,0.103022484414988,0.0894304649583185,0.0195963785128625,0.0103275152840401,0.000123165791344693,0.0451971160819182,0.039192757025725,0.0195963785128625,0.0195963785128625,0.0205601457183803,0.0256007375690557,0.00504059185067534,0.0246369703635378,0.00504059185067534,0.0296775622142132,0.0152449413433707,0.00504059185067534,0.0100811837013507,0.015121775552026,0.0100811837013507,0.0356819212704064,0.00504059185067534,0.0100811837013507,0.00504059185067534,0.00504059185067534,0.0246369703635378,0.00504059185067534,0.0100811837013507,0.00516375764202003,0.00528692343336472,0.00528692343336472,0.000123165791344693,0.0246369703635378,0.000123165791344693,0.00504059185067534,0.00528692343336472,0.00504059185067534,0.00504059185067534,0.0195963785128625,0.0195963785128625,0.000123165791344693,0.0257239033604004,0.00516375764202003,0.00504059185067534,0.000123165791344693,0.0259702349430898,0.0397587459155638,0.00504059185067534,0.00504059185067534,0.000123165791344693,0.00504059185067534,0.0195963785128625,0.00504059185067534,0.00504059185067534,0.00504059185067534,0.00504059185067534,0.00504059185067534,0.00504059185067534,0.00504059185067534,0.0195963785128625,0.039192757025725
"238",0.390721895760431,0.692142611583228,0.0560429775240399,0.00191751720289067,0.410697639303418,0.182644505230086,0.52931210812468,0.251203937271827,0.206304884473271,0.00320077182911102,0.786079397440724,0.00514774797776113,0.124087085596182,0.452219449028535,0.619609909889793,0.332021748563691,0.052146741643759,0.323774051483997,0.0299463707013505,0.785762407367503,0.0267433152892588,0.921695450059052,0.462563700568657,0.500329718393348,0.0267308693993597,0.123457390185473,0.637172108899131,0.494832955383398,0.00126852515334063,0.258921580909043,0.00258123872532042,0.344884934530602,0.0344598561024413,0.773544827043128,0.330795128246009,0.444662648834048,0.536894980857912,0.330263971979497,0.340458645207842,0.494188530499809,0.201641820760403,0.0293415670704396,0.0790861072464154,0.000634262576670317,0.0305511743322613,0.000648992049550036,0.244156787971069,0.0286483866022504,0.0464383784537261,0.125967265129376,0.121434483089444,0.000634262576670317,0.818449549831679,0.000648992049550036,7.36473643985937e-05,0.157228632985686,0.73889120421027,0.294113210757355,0.0940716346963943,0.567918393565167,0.333452297918709,0.821153191505999,0.178794741351425,5.89178915188749e-05,0.0553792560016101,0.000634262576670317,0.02736513197603,0.000634262576670317,0.0908538498114229,0.0744230435335468,0.0202975832123976,0.254410379090933,0.616652763199732,0.266128545677535,0.819250403775988,0.518957694277639,0.0273798614489098,0.933661526520438,0.0757357571055265,0.344027446277755,0.407140256148408,0.0261113362955691,0.448428603041392,0.344550931401521,0.130483034113447,0.132459469207857,0.467384013736051,0.047692174134187,0.0783045499409479,0.0306100922237802,0.152742322947374,0.046394190035087,0.30477673595368,0.0997799978864271,0.000693180468189192,0.000648992049550036,0.0673407652970346,0.0286336571293707,0.123324824929556,0.00126852515334063,0.0260966068226894,0.107572469646989,0.0273798614489098,0.0306248216966599,0.00128325462622035,0.0260966068226894,4.41884186391562e-05,0.0522079431182585,0.169173129225251,0.0522079431182585,0.100534379829116,0.00194697614865011,0.0260966068226894,0.0476627151884276,0.0261113362955691,0.0547597228978195,0.0482969777650979,0.0273798614489098,0.114988751012582,0.0534617387987194,0.0444596597763359,0.127235790282716,0.0260966068226894,0.33574800666932,0.350487907827496,0.0202975832123976,0.121436766672424,0.0260966068226894,0.156530885351536,0.084615433178911,0.00258123872532042,0.0718689801710051,4.41884186391562e-05,0.254257414372141,0.0228346335190788,0.0814611333514198,0.02736513197603,0.0202975832123976,0.0528274762220491,2.94589457594375e-05,0.0528274762220491,0.0261260657684488,0.0635770946726712,0.0202975832123976,0.00129798409910007,1.47294728797187e-05,0.131117296690117,0.0998559288338064,0.0260966068226894,0.00129798409910007,1.47294728797187e-05,0.0470284526117573,0.0521932136453788,0.0260966068226894,0.0260966068226894,0.0202975832123976,0.0209318457890679,0.000634262576670317,0.0267308693993597,0.000634262576670317,0.02736513197603,0.00191751720289067,0.000634262576670317,0.00126852515334063,0.00190278773001095,0.00126852515334063,0.0222003709424085,0.000634262576670317,0.00126852515334063,0.000634262576670317,0.000634262576670317,0.0267308693993597,0.000634262576670317,0.00126852515334063,0.000648992049550036,0.000663721522429755,0.000663721522429755,1.47294728797187e-05,0.0267308693993597,1.47294728797187e-05,0.000634262576670317,0.000663721522429755,0.000634262576670317,0.000634262576670317,0.0260966068226894,0.0260966068226894,1.47294728797187e-05,0.0209465752619476,0.000648992049550036,0.000634262576670317,1.47294728797187e-05,0.020976034207707,0.0286336571293707,0.000634262576670317,0.000634262576670317,1.47294728797187e-05,0.000634262576670317,0.0260966068226894,0.000634262576670317,0.000634262576670317,0.000634262576670317,0.000634262576670317,0.000634262576670317,0.000634262576670317,0.000634262576670317,0.0260966068226894,0.0521932136453788
"696",0.328516719074741,0.717138904216531,0.135805847203642,0.0564958762692569,0.919500296579219,0.192646150486948,0.624547868220543,0.536190129381225,0.545218615646987,0.101752204624449,0.796050005499905,0.203802545947828,0.771651370854678,0.29501391014843,0.410428043701527,0.203606418056185,0.16977676261472,0.295563893231174,0.135787416134609,0.670240778934951,0.272106809567997,0.977167474265838,0.294807503509597,0.64627915193401,0.0112579789830986,0.284268626824939,0.783851326104895,0.749563417640784,0.0224790958281304,0.713756966435934,0.113289889237445,0.342329336150054,0.328350414168372,0.682283006885711,0.487530617867075,0.727391461403567,0.354473147623032,0.635731697642439,0.64582456379083,0.239403441083984,0.362954890400447,0.170102333274666,0.26184439891884,0.0112395479140652,0.101472498994551,0.0340167804411265,0.181920574087698,0.0677538552523555,0.0686208313881329,0.0456007553692407,0.30640372092409,0.0112395479140652,0.31843455695861,0.0340167804411265,0.113886162635307,0.0341273668553268,0.295900167923379,0.237723931449391,0.0458345959690894,0.216635636733974,0.47663507168199,0.137799110296871,0.0568771654213726,0.0911089301082454,0.079011834235454,0.0112395479140652,0.0224975268971637,0.0112395479140652,0.159376756875416,0.0795806736723005,0.000270702737915478,0.283122370344334,0.0802199977908834,0.226764089165223,0.104080466554676,0.125833846216641,0.0452747594242251,0.456589060900702,0.170391467081615,0.227502898387905,0.147463971692959,0.0227956635960947,0.2503538551911,0.431814475115876,9.21553451668536e-05,0.147696961722669,0.114259299465579,0.0683226946892019,0.0228325257341615,0.192581429102796,0.125190431933523,0.000289133806948848,0.125255153317675,0.146990527195676,0.102348478022311,0.0340167804411265,0.0345766169859909,0.0449766227252941,0.0792735340813874,0.0224790958281304,1.84310690333707e-05,0.0790486963735208,0.0452747594242251,0.215358661629858,0.0452563283551917,1.84310690333707e-05,0.068331697581184,0.0228140946651281,0.204986515136639,0.0228140946651281,0.102376337268395,0.10205034132338,1.84310690333707e-05,0.0227682296350792,0.0227956635960947,0.0905495188484502,0.0340077775491444,0.0452747594242251,0.0345676140940087,0.0225159579661971,0.159087623068467,0.0680798511973711,1.84310690333707e-05,0.511977506566609,0.522116237745048,0.000270702737915478,0.0683321228662532,1.84310690333707e-05,0.40792208494869,0.327745137878528,0.113289889237445,0.249916847546815,0.068331697581184,0.41017000873506,0.0452288943941762,0.0562530327774261,0.0224975268971637,0.000270702737915478,0.0112764100521319,0.0455544650541227,0.0112764100521319,0.0455728961231561,0.273542625140621,0.000270702737915478,0.0680335608822531,0.0227772325270613,0.011331703259232,0.022805091773146,1.84310690333707e-05,0.0680335608822531,0.0227772325270613,0.011528681721014,3.68621380667414e-05,1.84310690333707e-05,1.84310690333707e-05,0.000270702737915478,0.0115102506519807,0.0112395479140652,0.0112579789830986,0.0112395479140652,0.0224975268971637,0.0564958762692569,0.0112395479140652,0.0224790958281304,0.0337186437421956,0.0224790958281304,0.033989346480111,0.0112395479140652,0.0224790958281304,0.0112395479140652,0.0112395479140652,0.0112579789830986,0.0112395479140652,0.0224790958281304,0.0340167804411265,0.0567940129681879,0.0567940129681879,0.0227772325270613,0.0112579789830986,0.0227772325270613,0.0112395479140652,0.0567940129681879,0.0112395479140652,0.0112395479140652,1.84310690333707e-05,1.84310690333707e-05,0.0227772325270613,0.034287483179042,0.0340167804411265,0.0112395479140652,0.0227772325270613,0.0798419482331647,0.0449766227252941,0.0112395479140652,0.0112395479140652,0.0227772325270613,0.0112395479140652,1.84310690333707e-05,0.0112395479140652,0.0112395479140652,0.0112395479140652,0.0112395479140652,0.0112395479140652,0.0112395479140652,0.0112395479140652,1.84310690333707e-05,3.68621380667414e-05
"2558",0.268265223023995,0.838187626002091,0.127480313798517,0.0451091837145558,0.885359095955817,0.172693686558943,0.624857841698863,0.76403901426265,0.67017428622867,0.0875999311202199,0.792750849263365,0.207216864410537,0.850766933898724,0.196640047405589,0.479156698574736,0.0794533512862346,0.135419632817251,0.29258686487001,0.127476278007754,0.667472957104208,0.287049532486903,0.962734017839833,0.228489029391568,0.661767604536983,0.00262247209965402,0.353802126391096,0.725990183777647,0.749875632000319,0.00523687261778353,0.645592918287494,0.122235369599209,0.495166658916921,0.3320747061094,0.702276415767315,0.433151288631461,0.808580682049146,0.498069411828087,0.691309975837733,0.597793395544275,0.21565694970481,0.340210295847587,0.199365591274624,0.412423166347864,0.00261843630889177,0.0555869647408852,0.0398723110967723,0.138322385728417,0.0477316558142099,0.111853706037225,0.0425949364515342,0.295089004760745,0.00261843630889177,0.138323503004906,0.0398723110967723,0.186269373939403,0.0398965258413458,0.133074523014836,0.215116567035597,0.0426749107528308,0.146482190211178,0.494482846570704,0.0642434997084233,0.0452214443419504,0.149015499151522,0.0503541279138639,0.00261843630889177,0.00524090840854578,0.00261843630889177,0.164994290444098,0.082459175966782,8.80458828211078e-05,0.193821304586481,0.0826279376648481,0.24451109710604,0.056388190781748,0.0614086137262668,0.0424947831964263,0.45808595738041,0.199457672948207,0.180913286389189,0.0663732771140625,0.0372579105786428,0.218183304340119,0.579808077569252,2.01789538112508e-05,0.194144861819889,0.0267651036657536,0.079836703867128,0.0372659821601673,0.204602463892407,0.15697903291483,9.20816735833579e-05,0.125070255581365,0.0662408375328567,0.151633935460414,0.0398723110967723,0.0400524386531768,0.0104777810263293,0.0185172533001713,0.00523687261778353,4.03579076225016e-06,0.0503621994953884,0.0424947831964263,0.241856338680288,0.0424907474056641,4.03579076225016e-06,0.111761624363642,0.037261946369405,0.239514147392146,0.037261946369405,0.119717086545425,0.119616933290317,4.03579076225016e-06,0.00532895429136689,0.0372579105786428,0.0849895663928526,0.00794739060025866,0.0424947831964263,0.00812751815666312,0.00524494419930804,0.164902208770515,0.0478318090693177,4.03579076225016e-06,0.566712235996571,0.505128647781151,8.80458828211078e-05,0.0479158191613766,4.03579076225016e-06,0.382608961579668,0.236115781272692,0.122235369599209,0.281904741542702,0.111761624363642,0.479100197504064,0.0105617911183882,0.0131042889167456,0.00524090840854578,8.80458828211078e-05,0.00262650789041627,0.0745077495757611,0.00262650789041627,0.0745117853665233,0.383276630762836,8.80458828211078e-05,0.0797446221935446,0.0372538747878805,0.00263861526270302,0.00533702587289139,4.03579076225016e-06,0.0797446221935446,0.0372538747878805,0.00271051798247513,8.07158152450031e-06,4.03579076225016e-06,4.03579076225016e-06,8.80458828211078e-05,0.00270648219171287,0.00261843630889177,0.00262247209965402,0.00261843630889177,0.00524090840854578,0.0451091837145558,0.00261843630889177,0.00523687261778353,0.0078553089266753,0.00523687261778353,0.00794335480949641,0.00261843630889177,0.00523687261778353,0.00261843630889177,0.00261843630889177,0.00262247209965402,0.00261843630889177,0.00523687261778353,0.0398723110967723,0.0771261858846528,0.0771261858846528,0.0372538747878805,0.00262247209965402,0.0372538747878805,0.00261843630889177,0.0771261858846528,0.00261843630889177,0.00261843630889177,4.03579076225016e-06,4.03579076225016e-06,0.0372538747878805,0.0399603569795934,0.0398723110967723,0.00261843630889177,0.0372538747878805,0.114468106555354,0.0104777810263293,0.00261843630889177,0.00261843630889177,0.0372538747878805,0.00261843630889177,4.03579076225016e-06,0.00261843630889177,0.00261843630889177,0.00261843630889177,0.00261843630889177,0.00261843630889177,0.00261843630889177,0.00261843630889177,4.03579076225016e-06,8.07158152450031e-06
"3487",0.26989165117787,0.835182655429296,0.127823513684583,0.045449614442807,0.886346244644246,0.173288799489624,0.624980045465673,0.758427607864327,0.667501989242763,0.0880567756692825,0.79264098027966,0.207350899699714,0.849318594704941,0.198924428862339,0.477276045631581,0.0824464903366625,0.13636146968292,0.292620802583553,0.127822498682005,0.667607953067274,0.286891927071923,0.963074700198453,0.230140584524803,0.661857884856959,0.00284346821890983,0.352223733370208,0.727307143976218,0.749979253624875,0.00568490643266312,0.647687313469279,0.122136577246763,0.491415720618353,0.332330945165387,0.70170894734344,0.434654552344637,0.806756417560011,0.494298082903338,0.690267882684992,0.599387694468533,0.21596213749633,0.340897198880457,0.198824555053298,0.408990300956002,0.00284245321633156,0.0568204423107115,0.0397647080101439,0.139243831967906,0.0482930826617168,0.110779390735936,0.0426228325887094,0.295444539429916,0.00284245321633156,0.142202845358091,0.0397647080101439,0.184611273969062,0.0397707980256135,0.136514893917693,0.21588942437707,0.0426324139354737,0.147816175698445,0.494276199501261,0.0654650528369513,0.0454673158101975,0.147689019175249,0.0511365508806267,0.00284245321633156,0.00568592143524139,0.00284245321633156,0.164779587531579,0.0823855105936967,1.16113519208328e-05,0.196052662926696,0.0824174219971829,0.244283304519309,0.0569376931879566,0.0625892268909954,0.0426081762290537,0.457474686915989,0.198837181407797,0.181865649554037,0.0682372692627395,0.0369232697963906,0.218791964358162,0.576586642671355,5.07501289134433e-06,0.193143708630948,0.0285073953083581,0.0795420423747869,0.0369252998015471,0.204509461485961,0.156233065189056,1.26263544991017e-05,0.125012403192719,0.0682144928824577,0.150531472391581,0.0397647080101439,0.0397889457165638,0.0113708278679045,0.0199234402258974,0.00568490643266312,1.01500257826887e-06,0.0511385808857832,0.0426081762290537,0.241431716279773,0.0426071612264755,1.01500257826887e-06,0.110766764381437,0.0369242847989689,0.238627142126939,0.0369242847989689,0.119308780390087,0.119294124030432,1.01500257826887e-06,0.00569753278716222,0.0369232697963906,0.0852163524581074,0.00853998600349378,0.0426081762290537,0.00856422370991371,0.00568693643781965,0.16476696117708,0.0483077390213725,1.01500257826887e-06,0.565321656272503,0.505668220067851,1.16113519208328e-05,0.048318335370715,1.01500257826887e-06,0.383491733752434,0.238631526436439,0.122136577246763,0.281219646993759,0.110766764381437,0.477261835595486,0.0113814242172471,0.0142153110893926,0.00568592143524139,1.16113519208328e-05,0.0028444832214881,0.0738445095876247,0.0028444832214881,0.0738455245902029,0.380627194859212,1.16113519208328e-05,0.0795294160202878,0.0369222547938123,0.0028475282292229,0.00569956279231876,1.01500257826887e-06,0.0795294160202878,0.0369222547938123,0.00285507957083066,2.03000515653773e-06,1.01500257826887e-06,1.01500257826887e-06,1.16113519208328e-05,0.00285406456825239,0.00284245321633156,0.00284346821890983,0.00284245321633156,0.00568592143524139,0.045449614442807,0.00284245321633156,0.00568490643266312,0.00852735964899467,0.00568490643266312,0.00853897100091551,0.00284245321633156,0.00568490643266312,0.00284245321633156,0.00284245321633156,0.00284346821890983,0.00284245321633156,0.00568490643266312,0.0397647080101439,0.0766869628039562,0.0766869628039562,0.0369222547938123,0.00284346821890983,0.0369222547938123,0.00284245321633156,0.0766869628039562,0.00284245321633156,0.00284245321633156,1.01500257826887e-06,1.01500257826887e-06,0.0369222547938123,0.0397763193620647,0.0397647080101439,0.00284245321633156,0.0369222547938123,0.113620828949689,0.0113708278679045,0.00284245321633156,0.00284245321633156,0.0369222547938123,0.00284245321633156,1.01500257826887e-06,0.00284245321633156,0.00284245321633156,0.00284245321633156,0.00284245321633156,0.00284245321633156,0.00284245321633156,0.00284245321633156,1.01500257826887e-06,2.03000515653773e-06
"10442",0.363652277753162,0.619116403442312,0.0937635851086206,0.0392675262782193,0.785371711909839,0.184895946937036,0.573315799933736,0.281037058578867,0.275840098949713,0.0655481397412775,0.834883779437247,0.105429241684969,0.439648534486583,0.442089653236763,0.447969533028907,0.348770154806456,0.147284797305685,0.313223704293808,0.0863027127488976,0.688765610745606,0.154037989092067,0.977310595088095,0.387301667936015,0.500458948040702,0.0204477851748841,0.160094789502528,0.81390523430734,0.660830802651189,0.0259738256303222,0.56602055899491,0.0528680147588523,0.218630001128658,0.178745041618705,0.705206433266343,0.457000108758788,0.554040682954667,0.334985314076346,0.446160710772779,0.521588263229118,0.380970269834398,0.313613307836993,0.0739293755992083,0.0387441960544255,0.0129869128151611,0.0986760498985868,0.0132937006478971,0.263640110253373,0.0597153114531034,0.0304025819692348,0.0781454490132543,0.251963164479604,0.0129869128151611,0.704113008616008,0.0132937006478971,0.00153393916367969,0.0580589348062352,0.655756565906517,0.226459576087405,0.0852450504051122,0.443273610629999,0.378118646596874,0.492868493867855,0.106054106547861,0.00122715133094375,0.0801630966279876,0.0129869128151611,0.0334346979900453,0.0129869128151611,0.152673538915546,0.0765174049417053,0.022021346111304,0.340294814040656,0.24775619824747,0.180344753114935,0.453907755422371,0.361230165232855,0.0337414858227812,0.695377931521442,0.103411594070235,0.334324686906904,0.30621820780982,0.00776766019245896,0.364474964178532,0.205488460688727,0.0373043617986151,0.0777990394077782,0.358988545495834,0.0560696197668211,0.022689404911905,0.0999032012295305,0.0995135976863462,0.029482218471027,0.184506343393852,0.202127265741562,0.0142140641461049,0.0132937006478971,0.0647972652302281,0.0594085236203675,0.157333699007905,0.0259738256303222,0.00746087235972302,0.0950848413474336,0.0337414858227812,0.100209989062266,0.0262806134630582,0.00746087235972302,0.000920363498207811,0.015228532552182,0.175669731660186,0.015228532552182,0.0842850651341643,0.0398811019436912,0.00746087235972302,0.0554560441013493,0.00776766019245896,0.0674829716455624,0.0684429569165104,0.0337414858227812,0.119946521498841,0.0408955703497683,0.123191320444518,0.104119274643577,0.00746087235972302,0.431448076813231,0.466648117720403,0.022021346111304,0.118679748395157,0.00746087235972302,0.310411702829024,0.285228373482491,0.0528680147588523,0.157546381932772,0.000920363498207811,0.343517319992785,0.0739689973719485,0.0873171811549747,0.0334346979900453,0.022021346111304,0.0279086575346072,0.000613575665471874,0.0279086575346072,0.0080744480251949,0.121079567921916,0.022021346111304,0.0265874012957941,0.000306787832735937,0.0502912746137762,0.0703777888207953,0.00746087235972302,0.0265874012957941,0.000306787832735937,0.0424691312861881,0.014921744719446,0.00746087235972302,0.00746087235972302,0.022021346111304,0.0350082589264651,0.0129869128151611,0.0204477851748841,0.0129869128151611,0.0334346979900453,0.0392675262782193,0.0129869128151611,0.0259738256303222,0.0389607384454834,0.0259738256303222,0.0609820845567874,0.0129869128151611,0.0259738256303222,0.0129869128151611,0.0129869128151611,0.0204477851748841,0.0129869128151611,0.0259738256303222,0.0132937006478971,0.013600488480633,0.013600488480633,0.000306787832735937,0.0204477851748841,0.000306787832735937,0.0129869128151611,0.013600488480633,0.0129869128151611,0.0129869128151611,0.00746087235972302,0.00746087235972302,0.000306787832735937,0.0353150467592011,0.0132937006478971,0.0129869128151611,0.000306787832735937,0.0359286224246729,0.0594085236203675,0.0129869128151611,0.0129869128151611,0.000306787832735937,0.0129869128151611,0.00746087235972302,0.0129869128151611,0.0129869128151611,0.0129869128151611,0.0129869128151611,0.0129869128151611,0.0129869128151611,0.0129869128151611,0.00746087235972302,0.014921744719446
"16822",0.383921429337949,0.59524862596724,0.107993411740607,0.0474825596356269,0.817378242018331,0.196729541555969,0.585738007215897,0.246299033326617,0.29244431160585,0.079172104028115,0.821439194271266,0.126861691476163,0.480870629847401,0.445719455929016,0.414909448234625,0.363627689772493,0.164314081241902,0.310018336009081,0.101531022459036,0.690993068195977,0.174058762828312,0.980509318249075,0.396353691805193,0.537150247471451,0.0222554045247101,0.16167792580948,0.820895252726955,0.676434483412408,0.0315860304862775,0.623112599519965,0.0634826026911868,0.190757686782805,0.21259969869206,0.693186814402806,0.484052045402239,0.560017017430976,0.28507468759415,0.468983627502574,0.570282568714035,0.357138265468277,0.332040340708111,0.0859450350283181,0.0363188360561694,0.0157930152431388,0.117117009889753,0.0158965291493494,0.258631082053247,0.069737964160337,0.022176944053653,0.0729431145722233,0.26517061322777,0.0157930152431388,0.68191447765839,0.0158965291493494,0.000517569531053025,0.0546708648387774,0.630941279327399,0.245327019302864,0.0754223490625304,0.416846059758726,0.396352373227088,0.44282550280448,0.101660908378505,0.00041405562484242,0.0919933686850471,0.0157930152431388,0.0380484197678488,0.0157930152431388,0.147846575525596,0.07591486515843,0.0154040130534498,0.36034407888955,0.220566663843307,0.191589098198087,0.395446457075064,0.331600568638728,0.0381519336740595,0.638283205307067,0.107811437363339,0.325111807343899,0.304049781401514,0.00656590318778195,0.351064878376395,0.211907891198697,0.0323119464078567,0.080208561668326,0.334365291412514,0.0536594606337199,0.0194906817509246,0.117531065514596,0.0955090608155652,0.0218664023350211,0.174707536856939,0.217559486250779,0.0162070708679812,0.0158965291493494,0.0531669445378203,0.0696344502541263,0.160746300653585,0.0315860304862775,0.00646238928157134,0.10491814724819,0.0381519336740595,0.117634579420806,0.0316895443924881,0.00646238928157134,0.000310541718631815,0.0130282924693533,0.167440771182731,0.0130282924693533,0.0824807683462119,0.0476895874480481,0.00646238928157134,0.0534524328212987,0.00656590318778195,0.0763038673481189,0.0692454480644374,0.0381519336740595,0.106515863452908,0.0445108090494202,0.125980173190575,0.104529145058501,0.00646238928157134,0.422995270165455,0.483870071024971,0.0154040130534498,0.113470768830379,0.00646238928157134,0.341863482765578,0.328913650767282,0.0634826026911868,0.164339134677055,0.000310541718631815,0.324435998292626,0.0785760740260048,0.0983522440604078,0.0380484197678488,0.0154040130534498,0.0287177938062814,0.00020702781242121,0.0287177938062814,0.00666941709399255,0.11041923919501,0.0154040130534498,0.0317930582986987,0.000103513906210605,0.0481049616509955,0.0663772113844413,0.00646238928157134,0.0317930582986987,0.000103513906210605,0.0376594175781599,0.0129247785631427,0.00646238928157134,0.00646238928157134,0.0154040130534498,0.0311970282965886,0.0157930152431388,0.0222554045247101,0.0157930152431388,0.0380484197678488,0.0474825596356269,0.0157930152431388,0.0315860304862775,0.0473790457294163,0.0315860304862775,0.0627830587828661,0.0157930152431388,0.0315860304862775,0.0157930152431388,0.0157930152431388,0.0222554045247101,0.0157930152431388,0.0315860304862775,0.0158965291493494,0.01600004305556,0.01600004305556,0.000103513906210605,0.0222554045247101,0.000103513906210605,0.0157930152431388,0.01600004305556,0.0157930152431388,0.0157930152431388,0.00646238928157134,0.00646238928157134,0.000103513906210605,0.0313005422027992,0.0158965291493494,0.0157930152431388,0.000103513906210605,0.0315075700152204,0.0696344502541263,0.0157930152431388,0.0157930152431388,0.000103513906210605,0.0157930152431388,0.00646238928157134,0.0157930152431388,0.0157930152431388,0.0157930152431388,0.0157930152431388,0.0157930152431388,0.0157930152431388,0.0157930152431388,0.00646238928157134,0.0129247785631427
"16952",0.383658120841945,0.601245022377439,0.131132926507556,0.0603677689721025,0.906891311293267,0.205906416824798,0.610900418503882,0.298089937556458,0.381550724295972,0.102648458660985,0.807607280358392,0.175229289877973,0.623942669508753,0.407004157270244,0.369709087079379,0.33442610624847,0.189072742100083,0.302395553593113,0.128987497787102,0.678313973140175,0.229440517152619,0.987457182716194,0.369579374340513,0.598001781213948,0.0202325080036744,0.199652634172529,0.833104305897574,0.724867135052589,0.03617415856644,0.72464018135891,0.0906679105002076,0.196483534782462,0.286129708381854,0.673690580465132,0.51967301907586,0.620588286414378,0.242769777057919,0.544331657649738,0.648943041522083,0.294470568593922,0.366444680503296,0.123113480748767,0.091695207791451,0.01808707928322,0.134861514825437,0.0241936104056625,0.235358984375539,0.0806002769757769,0.0262890285511034,0.0566864110340215,0.299640625369831,0.01808707928322,0.55388789024583,0.0241936104056625,0.0305326556122127,0.0370661827283889,0.511277445518027,0.253090243652631,0.0582195600564341,0.328546528819707,0.437772107161778,0.287205093672573,0.0790643477581502,0.0244261244897701,0.100832784979451,0.01808707928322,0.0383195872868944,0.01808707928322,0.152566048299509,0.0765891639987752,0.00582400646332139,0.364396492737655,0.125321744871184,0.202790108204959,0.232943855822913,0.236015714258167,0.0444261184093369,0.518408493736499,0.131082915932543,0.289899966689106,0.250426995993734,0.00825195984289693,0.304588212693367,0.264185174468305,0.010727143602272,0.0955210370641446,0.243705404978035,0.0563566559951008,0.0125428172838057,0.159287639315207,0.0952385124050235,0.00796943518377579,0.141857289914614,0.221003273605414,0.0425132037729901,0.0241936104056625,0.0379870520527597,0.0744937458533343,0.144693854070546,0.03617415856644,0.00214542872045439,0.10512364242036,0.0444261184093369,0.165394170437649,0.0422806896888825,0.00214542872045439,0.0183195933673276,0.0103973885633513,0.171215396705757,0.0103973885633513,0.0848411238416721,0.0725808312169876,0.00214542872045439,0.0441435937502158,0.00825195984289693,0.0888522368186738,0.0622306730334357,0.0444261184093369,0.0760241146805329,0.0404650160073488,0.144596613115733,0.0928605696004615,0.00214542872045439,0.448757829815366,0.519623008500847,0.00582400646332139,0.0965391473433284,0.00214542872045439,0.400755935008403,0.384302025897623,0.0906679105002076,0.201235793769955,0.0183195933673276,0.339673084993018,0.0781723235962014,0.0968716825774631,0.0383195872868944,0.00582400646332139,0.0223779367241288,0.0122130622448851,0.0223779367241288,0.0143584909653395,0.150885647747269,0.00582400646332139,0.048387220811325,0.00610653112244253,0.028814222885492,0.0484344511911246,0.00214542872045439,0.048387220811325,0.00610653112244253,0.0260565144669958,0.00429085744090879,0.00214542872045439,0.00214542872045439,0.00582400646332139,0.0239110857465414,0.01808707928322,0.0202325080036744,0.01808707928322,0.0383195872868944,0.0603677689721025,0.01808707928322,0.03617415856644,0.05426123784966,0.03617415856644,0.0600852443129814,0.01808707928322,0.03617415856644,0.01808707928322,0.01808707928322,0.0202325080036744,0.01808707928322,0.03617415856644,0.0241936104056625,0.0303001415281051,0.0303001415281051,0.00610653112244253,0.0202325080036744,0.00610653112244253,0.01808707928322,0.0303001415281051,0.01808707928322,0.01808707928322,0.00214542872045439,0.00214542872045439,0.00610653112244253,0.0300176168689839,0.0241936104056625,0.01808707928322,0.00610653112244253,0.042230679113869,0.0744937458533343,0.01808707928322,0.01808707928322,0.00610653112244253,0.01808707928322,0.00214542872045439,0.01808707928322,0.01808707928322,0.01808707928322,0.01808707928322,0.01808707928322,0.01808707928322,0.01808707928322,0.00214542872045439,0.00429085744090879
"27218",0.314788839177986,0.671994319069876,0.0710217884193449,0.026957347736846,0.765310894880215,0.160701667617517,0.555860251656387,0.381322488415988,0.27218360270336,0.0458800298102703,0.864440952163434,0.0785440790402782,0.412808732279427,0.419761944537791,0.498445206153953,0.305321853546233,0.122213961373256,0.317391471335678,0.0638949173198089,0.673139820688818,0.134535158923465,0.975766035954811,0.352369612030237,0.436107156349313,0.0151615367629577,0.171733523788152,0.812988845099675,0.651643113040994,0.0160693313268433,0.487565642941573,0.0406987148934296,0.277361121607327,0.134404330696665,0.722134857699268,0.414332845873059,0.567799902390908,0.423675283957974,0.426271635435705,0.446866066876267,0.407714553803138,0.28966095327462,0.0615669531495492,0.0608021371744205,0.00803466566342166,0.0662228814900686,0.0108880164100026,0.268528123723903,0.0421188844998036,0.0499019704024607,0.0816452135347502,0.241322992239166,0.00803466566342166,0.704607183336428,0.0108880164100026,0.0142667537329049,0.0536492430072187,0.667157238710977,0.181043658125439,0.10160651839886,0.466545972899073,0.352778043085467,0.535092161374652,0.103933621397244,0.0114134029863239,0.0572804212627613,0.00803466566342166,0.0231962024263793,0.00803466566342166,0.169393409255935,0.0782794877456808,0.0342150470631818,0.30053595815079,0.255031956799583,0.152666140782219,0.510988164384387,0.387358690589507,0.0260495531729603,0.771890053500099,0.102908871312267,0.343046466159117,0.286529138527733,0.009980221846117,0.374407301303842,0.199726910800056,0.0356343554976801,0.07400510622085,0.378286263307276,0.0631179509827231,0.024233964045189,0.0776362844763925,0.105366802537451,0.0413419181627178,0.188432185678575,0.173918509369655,0.0194480686497456,0.0108880164100026,0.0864449816359022,0.0392655337532227,0.146053367068923,0.0160693313268433,0.00712687109953602,0.0715341634618333,0.0260495531729603,0.0804896352229735,0.0189226820734243,0.00712687109953602,0.00856005223974294,0.017107092945653,0.196480724047705,0.017107092945653,0.0882597095917978,0.0326640492300079,0.00712687109953602,0.0574112494895611,0.009980221846117,0.0520991063459206,0.0654459151529828,0.0260495531729603,0.141002880378882,0.0303230735259154,0.128051491093217,0.0977145448615935,0.00712687109953602,0.465929653869327,0.446219928765981,0.0342150470631818,0.124802720825239,0.00712687109953602,0.267241717185326,0.21539419060017,0.0406987148934296,0.15980774575934,0.00856005223974294,0.398669010760448,0.0663537097168684,0.0615539416157164,0.0231962024263793,0.0342150470631818,0.0222884078624937,0.00570670149316196,0.0222884078624937,0.012833572592698,0.163317311309042,0.0342150470631818,0.0217760328200053,0.00285335074658098,0.0436690211611017,0.0716649916886332,0.00712687109953602,0.0217760328200053,0.00285335074658098,0.0493765838261395,0.014253742199072,0.00712687109953602,0.00712687109953602,0.0342150470631818,0.0422497127266035,0.00803466566342166,0.0151615367629577,0.00803466566342166,0.0231962024263793,0.026957347736846,0.00803466566342166,0.0160693313268433,0.024103996990265,0.0160693313268433,0.0583190440534468,0.00803466566342166,0.0160693313268433,0.00803466566342166,0.00803466566342166,0.0151615367629577,0.00803466566342166,0.0160693313268433,0.0108880164100026,0.0137413671565836,0.0137413671565836,0.00285335074658098,0.0151615367629577,0.00285335074658098,0.00803466566342166,0.0137413671565836,0.00803466566342166,0.00803466566342166,0.00712687109953602,0.00712687109953602,0.00285335074658098,0.0451030634731844,0.0108880164100026,0.00803466566342166,0.00285335074658098,0.0508097649663464,0.0392655337532227,0.00803466566342166,0.00803466566342166,0.00285335074658098,0.00803466566342166,0.00712687109953602,0.00803466566342166,0.00803466566342166,0.00803466566342166,0.00803466566342166,0.00803466566342166,0.00803466566342166,0.00803466566342166,0.00712687109953602,0.014253742199072
"30808",0.325107170059191,0.697638098916378,0.046107205770357,0.0067984711696221,0.581239759562998,0.155643253487381,0.527650652219255,0.347207547921666,0.20572685199118,0.0113566793711015,0.851959160265213,0.0183105150711114,0.227584112186,0.440809311143639,0.58481547280226,0.311702038231765,0.0744841183073901,0.324863203582963,0.0298909151873976,0.716027889882934,0.060818819753349,0.951273445985928,0.393094220207338,0.40867125878811,0.0184565535511022,0.140774681343751,0.739570717508892,0.5661809705378,0.00448052593628546,0.323881312286633,0.00919409866815264,0.323623484011944,0.0459611672903662,0.757177556445195,0.349739143028114,0.498806052460808,0.520562442541577,0.348042655916329,0.341835326265141,0.479293857430358,0.231164361173325,0.0278060167496426,0.051743639634154,0.00224026296814273,0.0319758136251525,0.00231794523333663,0.271423076837023,0.0252550247207243,0.0543217515941055,0.107295784748882,0.175717018254825,0.00224026296814273,0.805620501329524,0.00231794523333663,0.000388411325969518,0.0996156887310933,0.752491103644361,0.203410500388094,0.112735617798527,0.553924014217739,0.317037069085184,0.730866890245122,0.141968628882943,0.000310729060775615,0.0437115782718265,0.00224026296814273,0.0206968165192449,0.00224026296814273,0.143585840099285,0.0771811488162993,0.0378724142155644,0.265526476246611,0.439379374691053,0.1805511031659,0.724146101340694,0.490718893016256,0.0207744987844388,0.91727176408742,0.0818947215481664,0.362502571002945,0.34914959513993,0.0162939728481534,0.427445415599977,0.229899115301523,0.0810814529147973,0.088190653145195,0.460448892553286,0.0587245952651971,0.0487265540140723,0.0322865426859281,0.125985385095565,0.0540887047985238,0.249342095897019,0.132897984511812,0.00255099202891835,0.00231794523333663,0.0942790642474248,0.0251773424555304,0.140075540957006,0.00448052593628546,0.0162162905829595,0.0761441594377454,0.0207744987844388,0.032364224951122,0.00455820820147937,0.0162162905829595,0.000233046795581711,0.0325102634311128,0.192390076378551,0.0325102634311128,0.0934751216644526,0.0069538357000099,0.0162162905829595,0.0585692307348093,0.0162939728481534,0.0415489975688776,0.060809493702952,0.0207744987844388,0.15277061271704,0.0369131071022044,0.0894971353007607,0.111776310685167,0.0162162905829595,0.417792955760808,0.385526658805924,0.0378724142155644,0.133432434317772,0.0162162905829595,0.181633864576281,0.113258403102165,0.00919409866815264,0.110426998615587,0.000233046795581711,0.357787404640828,0.0468334660881353,0.059850186589592,0.0206968165192449,0.0378724142155644,0.0346728441340616,0.000155364530387807,0.0346728441340616,0.0163716551133473,0.123355117171203,0.0378724142155644,0.00463589046667327,7.76822651939036e-05,0.08332171588294,0.0910018119007282,0.0162162905829595,0.00463589046667327,7.76822651939036e-05,0.0563289677666665,0.0324325811659189,0.0162162905829595,0.0162162905829595,0.0378724142155644,0.0401126771837071,0.00224026296814273,0.0184565535511022,0.00224026296814273,0.0206968165192449,0.0067984711696221,0.00224026296814273,0.00448052593628546,0.00672078890442819,0.00448052593628546,0.0445932031199925,0.00224026296814273,0.00448052593628546,0.00224026296814273,0.00224026296814273,0.0184565535511022,0.00224026296814273,0.00448052593628546,0.00231794523333663,0.00239562749853054,0.00239562749853054,7.76822651939036e-05,0.0184565535511022,7.76822651939036e-05,0.00224026296814273,0.00239562749853054,0.00224026296814273,0.00224026296814273,0.0162162905829595,0.0162162905829595,7.76822651939036e-05,0.040190359448901,0.00231794523333663,0.00224026296814273,7.76822651939036e-05,0.0403457239792888,0.0251773424555304,0.00224026296814273,0.00224026296814273,7.76822651939036e-05,0.00224026296814273,0.0162162905829595,0.00224026296814273,0.00224026296814273,0.00224026296814273,0.00224026296814273,0.00224026296814273,0.00224026296814273,0.00224026296814273,0.0162162905829595,0.0324325811659189
"30847",0.386159395175432,0.579492458164874,0.123947628424216,0.0587433366598477,0.904195394984944,0.203140544710087,0.602586446181642,0.254317889722582,0.331780295700982,0.0984857241116003,0.820408096881595,0.160710038842573,0.576969772144192,0.434705308776724,0.368441985961263,0.362383949174195,0.189598890502129,0.305471501008818,0.121587395389737,0.674579578431812,0.213201562817995,0.991178811861001,0.38114707048884,0.565012811333734,0.021361182242574,0.177769039856379,0.851120153774253,0.717749255201582,0.0380018984161901,0.711334647559877,0.0812252639390678,0.166267074591912,0.263296485024215,0.674615947166536,0.519703409404551,0.593855657501551,0.230095131436723,0.512885883445394,0.632022646341743,0.316808033878207,0.362766207250737,0.106067424252767,0.0452270277027198,0.019000949208095,0.137107366526707,0.0207414382436576,0.253426947346941,0.0801045189024217,0.0185903476292737,0.0601919670777757,0.296942171487453,0.019000949208095,0.623875593739494,0.0207414382436576,0.00870244517781265,0.0349028364505315,0.578792996219867,0.243675449846127,0.0664801484969249,0.367058067780337,0.419531226981573,0.338824986883345,0.0839133823548287,0.00696195614225012,0.101465701144996,0.019000949208095,0.0403621314506691,0.019000949208095,0.156353826889621,0.0762129392524753,0.0110086474881072,0.37952566638554,0.134426247430162,0.186052858222925,0.28182213925906,0.274204412354246,0.0421026204862316,0.554632293890638,0.119436304775353,0.311258681390237,0.274459902237156,0.00410072207004152,0.322440102563716,0.208797958646425,0.0118011651723949,0.0775064579744927,0.28674440645782,0.0548517570099013,0.00882118813899949,0.144069322668957,0.0867746164270373,0.0133688805225861,0.145845838468167,0.23748869136978,0.0259629053503452,0.0207414382436576,0.0451189662543509,0.0783640298668592,0.162104638536317,0.0380018984161901,0.00236023303447899,0.106186167213954,0.0421026204862316,0.145809811704519,0.0397423874517526,0.00236023303447899,0.00522146710668759,0.0064609551045205,0.166915504064183,0.0064609551045205,0.0803136613225168,0.0622243147309727,0.00236023303447899,0.0513707789387762,0.00410072207004152,0.0842052409724632,0.0703717281468713,0.0421026204862316,0.0947492561575646,0.0427223644851481,0.142984946367035,0.0981938654939658,0.00236023303447899,0.440965146693594,0.515192085755688,0.0110086474881072,0.106842279947594,0.00236023303447899,0.389139714179904,0.385449593688684,0.0812252639390678,0.188568544924391,0.00522146710668759,0.335398723478557,0.0870124443204873,0.102085445143912,0.0403621314506691,0.0110086474881072,0.023721415277053,0.00348097807112506,0.023721415277053,0.00584121110560405,0.126434629652327,0.0110086474881072,0.0414828764873151,0.00174048903556253,0.03080211438049,0.0560912450077342,0.00236023303447899,0.0414828764873151,0.00174048903556253,0.0323698297306812,0.00472046606895797,0.00236023303447899,0.00236023303447899,0.0110086474881072,0.0300095966962022,0.019000949208095,0.021361182242574,0.019000949208095,0.0403621314506691,0.0587433366598477,0.019000949208095,0.0380018984161901,0.0570028476242851,0.0380018984161901,0.0680114951123923,0.019000949208095,0.0380018984161901,0.019000949208095,0.019000949208095,0.021361182242574,0.019000949208095,0.0380018984161901,0.0207414382436576,0.0224819272792201,0.0224819272792201,0.00174048903556253,0.021361182242574,0.00174048903556253,0.019000949208095,0.0224819272792201,0.019000949208095,0.019000949208095,0.00236023303447899,0.00236023303447899,0.00174048903556253,0.0317500857317647,0.0207414382436576,0.019000949208095,0.00174048903556253,0.0352310638028898,0.0783640298668592,0.019000949208095,0.019000949208095,0.00174048903556253,0.019000949208095,0.00236023303447899,0.019000949208095,0.019000949208095,0.019000949208095,0.019000949208095,0.019000949208095,0.019000949208095,0.019000949208095,0.00236023303447899,0.00472046606895797
"30973",0.395195367903336,0.572044068503873,0.136664180328566,0.0657246097414235,0.940293387947536,0.211029321095478,0.615057170298311,0.254810391334716,0.365319724901163,0.110704485691604,0.809691877919484,0.183409912168417,0.634289634810672,0.424533563167505,0.342682660695545,0.359603189626021,0.203227531532721,0.301895854497644,0.135801904089554,0.672988958469041,0.237071622555731,0.993922762915268,0.377876204291862,0.599506426866276,0.0216070100302553,0.189596492703867,0.855442455293323,0.73704808777945,0.0414894675824858,0.762871702338266,0.0934501602680559,0.157742710612882,0.298467082466728,0.664392932706346,0.5405591513044,0.613506799458931,0.198373103807502,0.544247276087021,0.67466003769221,0.288864537304951,0.379724667004822,0.122037987033701,0.0617260545529223,0.0207447337912429,0.149565821145407,0.0242351421589377,0.243857924727342,0.0873316197716787,0.0165249274115353,0.0536204069756686,0.311413228546362,0.0207447337912429,0.57660104191689,0.0242351421589377,0.0174520418384738,0.0294087995930118,0.532524745617367,0.255129152171282,0.0570872805670826,0.33028916669951,0.439487149253149,0.274026060810942,0.0760896932449363,0.013961633470779,0.108938629801934,0.0207447337912429,0.0423517438214982,0.0207447337912429,0.154866590665565,0.0761309966565816,0.00519142606943866,0.388232319803311,0.0985679475062673,0.195523082926235,0.211791859437213,0.234275712490698,0.0458421521891929,0.4965159953346,0.128091689342152,0.296616055463998,0.258466349386843,0.00435268460670711,0.303555568787742,0.229523586952525,0.00431138119506177,0.0839976244072643,0.249805485436222,0.0545239866263263,0.00607723708473182,0.163527454616186,0.0856986421090082,0.00605370230845102,0.1332005085883,0.243789884688269,0.0347063672620219,0.0242351421589377,0.0354802705368273,0.083841211403984,0.158182817394615,0.0414894675824858,0.000862276239012355,0.110663182279959,0.0458421521891929,0.167017862983881,0.0449798759501806,0.000862276239012355,0.0104712251030843,0.00521496084571947,0.164434236117991,0.00521496084571947,0.0804836812632887,0.072705426476813,0.000862276239012355,0.0475431698909368,0.00435268460670711,0.0916843043783858,0.0682879036821797,0.0458421521891929,0.0795330320600694,0.0432140200605105,0.148812888357114,0.0951098745581545,0.000862276239012355,0.443902107758013,0.531986660317985,0.00519142606943866,0.0994390243885808,0.000862276239012355,0.418650840646552,0.418517962419552,0.0934501602680559,0.201635857281696,0.0104712251030843,0.330610793349372,0.0881703612344103,0.106310497673252,0.0423517438214982,0.00519142606943866,0.0224692862692676,0.00698081673538952,0.0224692862692676,0.00784309297440187,0.133457297050235,0.00519142606943866,0.0484702843178753,0.00349040836769476,0.0250561149863047,0.0492677223689615,0.000862276239012355,0.0484702843178753,0.00349040836769476,0.0267984360996939,0.00172455247802471,0.000862276239012355,0.000862276239012355,0.00519142606943866,0.0259361598606816,0.0207447337912429,0.0216070100302553,0.0207447337912429,0.0423517438214982,0.0657246097414235,0.0207447337912429,0.0414894675824858,0.0622342013737287,0.0414894675824858,0.0674256274431674,0.0207447337912429,0.0414894675824858,0.0207447337912429,0.0207447337912429,0.0216070100302553,0.0207447337912429,0.0414894675824858,0.0242351421589377,0.0277255505266324,0.0277255505266324,0.00349040836769476,0.0216070100302553,0.00349040836769476,0.0207447337912429,0.0277255505266324,0.0207447337912429,0.0207447337912429,0.000862276239012355,0.000862276239012355,0.00349040836769476,0.0294265682283763,0.0242351421589377,0.0207447337912429,0.00349040836769476,0.0364073849637658,0.083841211403984,0.0207447337912429,0.0207447337912429,0.00349040836769476,0.0207447337912429,0.000862276239012355,0.0207447337912429,0.0207447337912429,0.0207447337912429,0.0207447337912429,0.0207447337912429,0.0207447337912429,0.0207447337912429,0.000862276239012355,0.00172455247802471
"36388",0.415526207505137,0.551563072159975,0.135258035561767,0.0642053481790582,0.899757353563997,0.216911016585194,0.610554780364637,0.194128056416531,0.329628038750786,0.107057792484183,0.801640775636669,0.171556413777755,0.577790129954195,0.448724520919298,0.346624401852899,0.387435294426907,0.200012623411952,0.303599374503099,0.13190768423857,0.687606614130115,0.218601722191717,0.989802309473152,0.40477359727192,0.601217209361966,0.0247032551971306,0.168933565205602,0.84460822997639,0.715800610539647,0.0427058077478673,0.743132394344172,0.0858515251675062,0.13700631417837,0.282111194142392,0.667792099270205,0.538921226788141,0.580579881535782,0.18724965732303,0.518594778815008,0.666929320032388,0.306797409233797,0.371709993711722,0.110848053479151,0.0330169599733539,0.0213529038739337,0.15296731499799,0.0214995404311909,0.250255966556612,0.0889086033761888,0.00783648854654908,0.0603000771494929,0.297453591563073,0.0213529038739337,0.630283322038257,0.0214995404311909,0.000733182786286043,0.0416016483703727,0.577526460320799,0.272468989954723,0.0576456020546794,0.359956874065124,0.431754104304603,0.329804278789162,0.0883536836698205,0.000586546229028834,0.113611858573319,0.0213529038739337,0.0460561590710643,0.0213529038739337,0.144193003450569,0.0750989149342898,0.00404622755158049,0.399177054003021,0.14615216894981,0.205206563566982,0.265745567167361,0.266855406580098,0.0462027956283215,0.521629136882722,0.118244632353929,0.307205692382908,0.290721829026829,0.00349698788045418,0.320753734232953,0.216577346551888,0.0167517566159849,0.0815436510240719,0.28136097125038,0.0503956597371592,0.0101976905268481,0.153553861227019,0.0854432420183951,0.00739657887477746,0.148800397376571,0.249821736920082,0.0219394501029625,0.0214995404311909,0.0329423468575488,0.0887619668189316,0.167613836190287,0.0427058077478673,0.00335035132319697,0.120312561219713,0.0462027956283215,0.153700497784276,0.0428524443051245,0.00335035132319697,0.000439909671771626,0.00684733920365115,0.154537330534674,0.00684733920365115,0.078595902814744,0.0644986212935726,0.00335035132319697,0.0501023866226448,0.00349698788045418,0.092405591256643,0.0714552904965784,0.0462027956283215,0.0828980969229363,0.0494065103942612,0.136796424575792,0.10300588489736,0.00335035132319697,0.416828329781915,0.521907823580302,0.00404622755158049,0.103701761125744,0.00335035132319697,0.407165859142069,0.417185286589,0.0858515251675062,0.183292493318628,0.000439909671771626,0.299719483328142,0.0894578430473151,0.116815573339259,0.0460561590710643,0.00404622755158049,0.0280536065203276,0.000293273114514417,0.0280536065203276,0.00364362443771139,0.0990166637230481,0.00404622755158049,0.0429990808623817,0.000146636557257209,0.0381046604899185,0.0568030892690387,0.00335035132319697,0.0429990808623817,0.000146636557257209,0.0287494827487111,0.00670070264639394,0.00335035132319697,0.00335035132319697,0.00404622755158049,0.0253991314255141,0.0213529038739337,0.0247032551971306,0.0213529038739337,0.0460561590710643,0.0642053481790582,0.0213529038739337,0.0427058077478673,0.0640587116218009,0.0427058077478673,0.0681049391733814,0.0213529038739337,0.0427058077478673,0.0213529038739337,0.0213529038739337,0.0247032551971306,0.0213529038739337,0.0427058077478673,0.0214995404311909,0.0216461769884481,0.0216461769884481,0.000146636557257209,0.0247032551971306,0.000146636557257209,0.0213529038739337,0.0216461769884481,0.0213529038739337,0.0213529038739337,0.00335035132319697,0.00335035132319697,0.000146636557257209,0.0255457679827713,0.0214995404311909,0.0213529038739337,0.000146636557257209,0.0258390410972858,0.0887619668189316,0.0213529038739337,0.0213529038739337,0.000146636557257209,0.0213529038739337,0.00335035132319697,0.0213529038739337,0.0213529038739337,0.0213529038739337,0.0213529038739337,0.0213529038739337,0.0213529038739337,0.0213529038739337,0.00335035132319697,0.00670070264639394
"36415",0.415888099146342,0.544620875340717,0.140461158149894,0.0681965441474248,0.932335137276422,0.218800521720819,0.616085248701568,0.195203091656781,0.34071301813334,0.113817029657043,0.802650883243365,0.182950310272478,0.610386773033286,0.446357669860405,0.329534350321048,0.388514063088373,0.209332899434216,0.30216360331208,0.138661307339374,0.680847807687285,0.231982580197523,0.994132079334436,0.399386790076992,0.608379653830924,0.0243759094483262,0.173534109365095,0.857499652454754,0.730857926523901,0.0451521172756132,0.774608228146499,0.0917093392532416,0.126165194424177,0.299035558974046,0.661027248025288,0.551905353029967,0.59159504417313,0.166570755658848,0.532607872030196,0.688091612421925,0.293536894621705,0.38279338667381,0.117021985169578,0.0331276616434214,0.0225760586378066,0.160300629509171,0.0230444268718117,0.249738460668887,0.092572453595751,0.00614837169395696,0.0557633049331189,0.309197290094827,0.0225760586378066,0.613592874231541,0.0230444268718117,0.00234184117002539,0.0338435317349295,0.563041204524369,0.270476845101614,0.0551070194935017,0.34429539323177,0.438818230938042,0.294772554326439,0.0819390651919647,0.00187347293602031,0.116948363044077,0.0225760586378066,0.0469519680861328,0.0225760586378066,0.147959924117646,0.0752080301838913,0.00294341618142208,0.407095673996636,0.114148462575706,0.20141718661168,0.227044378413019,0.248311155220591,0.0474203363201379,0.49363822130515,0.12176525216152,0.303701914791486,0.281033322330899,0.00226821904452472,0.31136968626757,0.211032053149284,0.00899925405259819,0.0790692711360433,0.266819144003354,0.050832120735565,0.00586792066556399,0.162174102445191,0.0815443190834603,0.00474326699194172,0.138170738359089,0.258291547233761,0.0244495315738269,0.0230444268718117,0.0307311100451755,0.092104085361746,0.169318795259049,0.0451521172756132,0.00179985081051964,0.120548064665117,0.0474203363201379,0.162642470679196,0.0456204855096182,0.00179985081051964,0.00140510470201524,0.00406806985504436,0.154296213017215,0.00406806985504436,0.077476249228416,0.069133280615435,0.00179985081051964,0.0498953842675549,0.00226821904452472,0.0948406726402757,0.0724714429053615,0.0474203363201379,0.0801581260787253,0.0487518188966524,0.143216657125704,0.100915422208732,0.00179985081051964,0.423553021062375,0.533209447041593,0.00294341618142208,0.102058987579634,0.00179985081051964,0.423670605191487,0.437830073090812,0.0917093392532416,0.191573729913852,0.00140510470201524,0.304336438973773,0.0932476507326484,0.118279845620592,0.0469519680861328,0.00294341618142208,0.0261757602588459,0.000936736468010157,0.0261757602588459,0.0027365872785298,0.103818165435543,0.00294341618142208,0.0460888537436233,0.000468368234005079,0.0315753126904048,0.0534950858885942,0.00179985081051964,0.0460888537436233,0.000468368234005079,0.0273193256297483,0.00359970162103928,0.00179985081051964,0.00179985081051964,0.00294341618142208,0.0255194748192287,0.0225760586378066,0.0243759094483262,0.0225760586378066,0.0469519680861328,0.0681965441474248,0.0225760586378066,0.0451521172756132,0.0677281759134197,0.0451521172756132,0.0706715920948418,0.0225760586378066,0.0451521172756132,0.0225760586378066,0.0225760586378066,0.0243759094483262,0.0225760586378066,0.0451521172756132,0.0230444268718117,0.0235127951058167,0.0235127951058167,0.000468368234005079,0.0243759094483262,0.000468368234005079,0.0225760586378066,0.0235127951058167,0.0225760586378066,0.0225760586378066,0.00179985081051964,0.00179985081051964,0.000468368234005079,0.0259878430532337,0.0230444268718117,0.0225760586378066,0.000468368234005079,0.0269245795212439,0.092104085361746,0.0225760586378066,0.0225760586378066,0.000468368234005079,0.0225760586378066,0.00179985081051964,0.0225760586378066,0.0225760586378066,0.0225760586378066,0.0225760586378066,0.0225760586378066,0.0225760586378066,0.0225760586378066,0.00179985081051964,0.00359970162103928
